Dataset_Name,Dataset_Type,K_Value,Iteration,Execution_Time
windows,image,2,0,1.1176
windows,image,2,1,1.2834
windows,image,2,2,1.2389
windows,image,2,3,1.5334
windows,image,2,4,1.5063
windows,image,2,5,1.5585
windows,image,2,6,1.3389
windows,image,2,7,1.2872
windows,image,2,8,1.4552
windows,image,2,9,1.182
windows,image,4,0,0.7666
windows,image,4,1,0.8313
windows,image,4,2,0.9587
windows,image,4,3,0.5472
windows,image,4,4,0.908
windows,image,4,5,0.8583
windows,image,4,6,0.7106
windows,image,4,7,0.5335
windows,image,4,8,0.5294
windows,image,4,9,0.8453
windows,image,8,0,0.6129
windows,image,8,1,0.5709
windows,image,8,2,1.0098
windows,image,8,3,0.6221
windows,image,8,4,0.3676
windows,image,8,5,0.4316
windows,image,8,6,0.4271
windows,image,8,7,0.4767
windows,image,8,8,0.5
windows,image,8,9,0.3724
windows,image,16,0,0.3516
windows,image,16,1,0.4214
windows,image,16,2,0.3707
windows,image,16,3,0.4716
windows,image,16,4,0.4021
windows,image,16,5,0.4412
windows,image,16,6,0.3939
windows,image,16,7,0.3718
windows,image,16,8,0.4095
windows,image,16,9,0.4447
windows,image,32,0,0.4814
windows,image,32,1,0.4112
windows,image,32,2,0.4873
windows,image,32,3,0.4566
windows,image,32,4,0.4628
windows,image,32,5,0.461
windows,image,32,6,0.4483
windows,image,32,7,0.4713
windows,image,32,8,0.4505
windows,image,32,9,0.4585
windows,image,64,0,1.1504
windows,image,64,1,1.1866
windows,image,64,2,1.1598
windows,image,64,3,1.2394
windows,image,64,4,1.194
windows,image,64,5,1.248
windows,image,64,6,1.1613
windows,image,64,7,1.2874
windows,image,64,8,1.3139
windows,image,64,9,1.2805
birb,image,2,0,0.1521
birb,image,2,1,0.1545
birb,image,2,2,0.155
birb,image,2,3,0.1638
birb,image,2,4,0.1469
birb,image,2,5,0.1559
birb,image,2,6,0.1718
birb,image,2,7,0.1421
birb,image,2,8,0.1509
birb,image,2,9,0.1509
birb,image,4,0,0.3336
birb,image,4,1,0.271
birb,image,4,2,0.324
birb,image,4,3,0.2552
birb,image,4,4,0.25
birb,image,4,5,0.2839
birb,image,4,6,0.2634
birb,image,4,7,0.293
birb,image,4,8,0.2581
birb,image,4,9,0.3266
birb,image,8,0,0.3759
birb,image,8,1,0.3602
birb,image,8,2,0.3461
birb,image,8,3,0.4187
birb,image,8,4,0.3474
birb,image,8,5,0.5844
birb,image,8,6,0.3705
birb,image,8,7,0.2861
birb,image,8,8,0.2899
birb,image,8,9,0.3368
birb,image,16,0,0.2544
birb,image,16,1,0.644
birb,image,16,2,0.4257
birb,image,16,3,0.4677
birb,image,16,4,0.3634
birb,image,16,5,0.2929
birb,image,16,6,0.4142
birb,image,16,7,0.5511
birb,image,16,8,0.311
birb,image,16,9,0.7247
birb,image,32,0,0.9309
birb,image,32,1,0.8431
birb,image,32,2,0.5911
birb,image,32,3,0.775
birb,image,32,4,0.8902
birb,image,32,5,0.8051
birb,image,32,6,0.8163
birb,image,32,7,0.8962
birb,image,32,8,0.9909
birb,image,32,9,0.8344
birb,image,64,0,1.2168
birb,image,64,1,1.2025
birb,image,64,2,1.3373
birb,image,64,3,1.2139
birb,image,64,4,1.3561
birb,image,64,5,1.3225
birb,image,64,6,1.4052
birb,image,64,7,1.1911
birb,image,64,8,1.4221
birb,image,64,9,1.422
forest,image,2,0,0.191
forest,image,2,1,0.1999
forest,image,2,2,0.2055
forest,image,2,3,0.21
forest,image,2,4,0.212
forest,image,2,5,0.2182
forest,image,2,6,0.2066
forest,image,2,7,0.195
forest,image,2,8,0.1967
forest,image,2,9,0.2048
forest,image,4,0,0.2384
forest,image,4,1,0.2632
forest,image,4,2,0.2436
forest,image,4,3,0.2101
forest,image,4,4,0.1951
forest,image,4,5,0.2412
forest,image,4,6,0.2272
forest,image,4,7,0.283
forest,image,4,8,0.2584
forest,image,4,9,0.2599
forest,image,8,0,0.4279
forest,image,8,1,0.6609
forest,image,8,2,0.557
forest,image,8,3,0.3015
forest,image,8,4,0.5916
forest,image,8,5,0.3358
forest,image,8,6,0.3031
forest,image,8,7,0.3164
forest,image,8,8,0.3114
forest,image,8,9,0.332
forest,image,16,0,1.3923
forest,image,16,1,0.8986
forest,image,16,2,0.9423
forest,image,16,3,2.0448
forest,image,16,4,1.878
forest,image,16,5,1.8521
forest,image,16,6,1.7671
forest,image,16,7,1.812
forest,image,16,8,1.9514
forest,image,16,9,2.0115
forest,image,32,0,1.6005
forest,image,32,1,1.2599
forest,image,32,2,1.4069
forest,image,32,3,1.6313
forest,image,32,4,1.432
forest,image,32,5,1.5645
forest,image,32,6,1.3518
forest,image,32,7,1.3449
forest,image,32,8,1.7253
forest,image,32,9,1.329
forest,image,64,0,1.8771
forest,image,64,1,1.7975
forest,image,64,2,1.9327
forest,image,64,3,1.9088
forest,image,64,4,1.7182
forest,image,64,5,1.8871
forest,image,64,6,2.0164
forest,image,64,7,1.9287
forest,image,64,8,1.8714
forest,image,64,9,1.8318
doughnuts,tabular,2,0,0.1856
doughnuts,tabular,2,1,0.199
doughnuts,tabular,2,2,0.1634
doughnuts,tabular,2,3,0.1904
doughnuts,tabular,2,4,0.1952
doughnuts,tabular,2,5,0.2009
doughnuts,tabular,2,6,0.1946
doughnuts,tabular,2,7,0.17
doughnuts,tabular,2,8,0.1528
doughnuts,tabular,2,9,0.194
doughnuts,tabular,4,0,0.2055
doughnuts,tabular,4,1,0.6096
doughnuts,tabular,4,2,0.3757
doughnuts,tabular,4,3,0.4054
doughnuts,tabular,4,4,0.4084
doughnuts,tabular,4,5,0.2346
doughnuts,tabular,4,6,0.2513
doughnuts,tabular,4,7,0.1947
doughnuts,tabular,4,8,0.1814
doughnuts,tabular,4,9,0.4096
doughnuts,tabular,8,0,0.4695
doughnuts,tabular,8,1,0.6048
doughnuts,tabular,8,2,0.5045
doughnuts,tabular,8,3,0.2167
doughnuts,tabular,8,4,0.2869
doughnuts,tabular,8,5,0.2636
doughnuts,tabular,8,6,0.2566
doughnuts,tabular,8,7,0.634
doughnuts,tabular,8,8,0.4603
doughnuts,tabular,8,9,0.3742
doughnuts,tabular,16,0,0.4195
doughnuts,tabular,16,1,0.3668
doughnuts,tabular,16,2,0.3047
doughnuts,tabular,16,3,0.3112
doughnuts,tabular,16,4,0.4582
doughnuts,tabular,16,5,0.5082
doughnuts,tabular,16,6,0.3859
doughnuts,tabular,16,7,0.5469
doughnuts,tabular,16,8,0.4748
doughnuts,tabular,16,9,0.4102
doughnuts,tabular,32,0,0.3585
doughnuts,tabular,32,1,0.3421
doughnuts,tabular,32,2,0.3569
doughnuts,tabular,32,3,0.3638
doughnuts,tabular,32,4,0.374
doughnuts,tabular,32,5,0.3101
doughnuts,tabular,32,6,0.3302
doughnuts,tabular,32,7,0.3953
doughnuts,tabular,32,8,0.3698
doughnuts,tabular,32,9,0.3248
doughnuts,tabular,64,0,0.6899
doughnuts,tabular,64,1,0.8584
doughnuts,tabular,64,2,0.7765
doughnuts,tabular,64,3,0.716
doughnuts,tabular,64,4,0.7327
doughnuts,tabular,64,5,0.8126
doughnuts,tabular,64,6,0.8578
doughnuts,tabular,64,7,0.7229
doughnuts,tabular,64,8,0.7465
doughnuts,tabular,64,9,0.8283
