Dataset,Clusters,Budget,Iteration,Cost,Time
birb,2,64,0,43537.38192142648,0.7679617000103462
birb,2,64,1,43520.55718527956,0.768741100007901
birb,2,64,2,43335.80780073892,0.7390137999900617
birb,2,64,3,43990.332319990805,0.7591901999840047
birb,2,64,4,43750.98206709695,0.7497452000097837
birb,2,128,0,43331.6749720828,0.8532351999892853
birb,2,128,1,43285.84464994727,0.8439333999995142
birb,2,128,2,43321.51339017252,0.8595715000119526
birb,2,128,3,43325.58035607581,0.826555699983146
birb,2,128,4,43932.02491131394,0.8225917000090703
birb,2,256,0,43247.84640894141,0.9072183000098448
birb,2,256,1,43237.71292769458,0.9654266999859829
birb,2,256,2,43276.95954694537,0.9696698999905492
birb,2,256,3,43307.83712156893,0.952540800004499
birb,2,256,4,43397.509954716974,0.9324072999879718
birb,2,512,0,43220.99546039894,1.0762053999933414
birb,2,512,1,43294.05998575252,1.0586834999849088
birb,2,512,2,43217.316970254455,1.0333250999974553
birb,2,512,3,43221.28290601821,1.0333367999992331
birb,2,512,4,43264.32081960525,1.0475623000238556
birb,2,1024,0,43219.40595151536,1.2232343000068795
birb,2,1024,1,43215.216241395385,1.2104024000000209
birb,2,1024,2,43213.70261253853,1.2657984000106808
birb,2,1024,3,43215.25597323272,1.2470671999908518
birb,2,1024,4,43216.25128460122,1.2447722000069916
birb,2,4096,0,43212.88997160397,3.378947299992433
birb,2,4096,1,43213.15338402474,3.5624156999983825
birb,2,4096,2,43216.39977663712,3.298897399974521
birb,2,4096,3,43212.63333540542,3.4316606000065804
birb,2,4096,4,43213.3830190119,3.315123600012157
birb,4,64,0,20005.02267774786,0.907359400007408
birb,4,64,1,20042.58788676632,0.8893662999907974
birb,4,64,2,17939.313392049626,0.9191134000138844
birb,4,64,3,17008.276747627166,0.9000488000165205
birb,4,64,4,16510.551907232202,0.8986921000177972
birb,4,128,0,16335.302360506306,0.9779876999964472
birb,4,128,1,16293.580862493942,1.014014699991094
birb,4,128,2,16443.521768383787,0.981936099997256
birb,4,128,3,16769.606930246853,0.9916908999730368
birb,4,128,4,17244.842627082715,1.038392999995267
birb,4,256,0,16166.27462623058,1.091200499999104
birb,4,256,1,18166.17924815905,1.0855447000067215
birb,4,256,2,16235.020730903048,1.1140461000031792
birb,4,256,3,16196.4817473397,1.1261561999854166
birb,4,256,4,16635.054802065853,1.1060320000106003
birb,4,512,0,16211.42682208891,1.230631699989317
birb,4,512,1,16129.202106383103,1.2339563999848906
birb,4,512,2,16200.611078623642,1.2051847999973688
birb,4,512,3,16144.665714467848,1.2349021999980323
birb,4,512,4,16141.273494161818,1.2197987000108697
birb,4,1024,0,16192.896120617164,1.3824153000023216
birb,4,1024,1,16111.35277610351,1.424844099994516
birb,4,1024,2,16195.994774219243,1.39259229999152
birb,4,1024,3,16332.470068724611,1.406723599997349
birb,4,1024,4,16206.234807833223,1.3848755999933928
birb,4,4096,0,16129.45283858985,3.4556569000124
birb,4,4096,1,16110.523023562457,3.409748700010823
birb,4,4096,2,16108.131164315022,3.403177500003949
birb,4,4096,3,16136.862442856149,3.403837099991506
birb,4,4096,4,16114.5604638808,3.413278600026388
birb,8,64,0,9450.99934080727,1.2631960000144318
birb,8,64,1,10685.146304563188,1.1631415999727324
birb,8,64,2,10163.581450088415,1.1811241000250448
birb,8,64,3,10339.747126049971,1.0572858999948949
birb,8,64,4,9802.829019916162,1.1341102999867871
birb,8,128,0,9951.417253723768,1.3196842999896037
birb,8,128,1,9174.779034298102,1.2372872999985702
birb,8,128,2,10300.229151794734,1.251531700021587
birb,8,128,3,9871.440194993464,1.1481412000139244
birb,8,128,4,9656.949108189616,1.2145455999998376
birb,8,256,0,8832.937613331713,1.4930171000014525
birb,8,256,1,8976.96488333457,1.3279805999773089
birb,8,256,2,9516.966621593983,1.3203139000106603
birb,8,256,3,8355.528169850373,1.3141078000189736
birb,8,256,4,9007.7097411027,1.4097951999865472
birb,8,512,0,9968.547230122347,1.4911114999849815
birb,8,512,1,9196.122738456428,1.4678711000015028
birb,8,512,2,8524.242590641563,1.5257775000063702
birb,8,512,3,9206.972430916478,1.5654916999919806
birb,8,512,4,8466.974321510836,1.5176831999851856
birb,8,1024,0,8256.24586253435,1.7289000000164378
birb,8,1024,1,9403.09684691433,1.7122052000195254
birb,8,1024,2,8301.05448342585,1.7312725999800025
birb,8,1024,3,9191.44718264818,1.7215205999964382
birb,8,1024,4,8240.092256878734,1.7112486000114586
birb,8,4096,0,8967.453488061718,3.805911000003107
birb,8,4096,1,8710.530942151969,3.811260499991477
birb,8,4096,2,8193.736015768836,3.789878000010504
birb,8,4096,3,8267.578504452553,3.76775520000956
birb,8,4096,4,8835.6565475716,3.900324700021884
birb,16,64,0,6452.652601589607,1.7325926000194158
birb,16,64,1,5952.692461827445,1.80818900000304
birb,16,64,2,6094.015108625105,1.741614600003231
birb,16,64,3,5785.541090123001,1.7390106999955606
birb,16,64,4,5867.317297266526,1.7562491999997292
birb,16,128,0,6001.789069323291,1.802613500010921
birb,16,128,1,5326.718773828708,1.85495120001724
birb,16,128,2,4997.222599134925,1.833778500003973
birb,16,128,3,6137.543904345116,1.837460499984445
birb,16,128,4,5303.925450922523,1.8423815999994984
birb,16,256,0,5078.834424188643,1.9719814999843948
birb,16,256,1,5012.717861623533,1.884198199986713
birb,16,256,2,5438.476337524768,2.198728499992285
birb,16,256,3,4757.981155141531,2.253814600000624
birb,16,256,4,4630.405685489948,2.0509706999873742
birb,16,512,0,4457.577300371889,2.0657924999832176
birb,16,512,1,4458.109046093351,2.127040699997451
birb,16,512,2,4590.805987591504,2.054868399980478
birb,16,512,3,4778.067412802698,2.079502700013109
birb,16,512,4,4648.155447556901,2.1246617999859154
birb,16,1024,0,4628.490906583145,2.2499614999978803
birb,16,1024,1,4453.275206159836,2.251135999977123
birb,16,1024,2,4271.342819127694,2.253208500012988
birb,16,1024,3,4530.138337349847,2.282984299992677
birb,16,1024,4,4724.471268857305,2.2420051000081003
birb,16,4096,0,4430.389488020011,4.340640299982624
birb,16,4096,1,4419.390836107996,4.352272099989932
birb,16,4096,2,4329.001473633828,4.285506300017005
birb,16,4096,3,4289.159307063431,4.707246100006159
birb,16,4096,4,4388.431372212645,4.410205099993618
birb,32,64,0,3965.8628979140926,3.001408999989508
birb,32,64,1,3823.376367926002,2.8502172000007704
birb,32,64,2,3581.4856676723,2.8437509999785107
birb,32,64,3,3806.520155789552,2.7885955999954604
birb,32,64,4,4064.952971525271,2.786486800003331
birb,32,128,0,3410.474012651069,2.87595709998277
birb,32,128,1,3367.7032195278493,2.948009699990507
birb,32,128,2,3587.767773709018,2.9550712000054773
birb,32,128,3,2959.5679728787663,2.920161200017901
birb,32,128,4,3571.86621841168,2.9159365999803413
birb,32,256,0,3088.999038778561,3.0094091999926604
birb,32,256,1,3009.453774058321,3.0338843000063207
birb,32,256,2,2805.181416782617,3.0827720000233967
birb,32,256,3,2745.112651954828,3.155143299984047
birb,32,256,4,2801.1083648732933,3.1191633000271395
birb,32,512,0,2799.655893750276,3.077014499984216
birb,32,512,1,2664.359094279473,3.030484899994917
birb,32,512,2,2751.071542127844,2.9787454000033904
birb,32,512,3,2752.5964064652326,3.1091983999940567
birb,32,512,4,2622.591831724954,3.17604720001691
birb,32,1024,0,2549.8307662376137,3.4512154000112787
birb,32,1024,1,2524.182687232616,3.3429587999999058
birb,32,1024,2,2580.918746817962,3.303267300012521
birb,32,1024,3,2613.075474786005,3.307222900009947
birb,32,1024,4,2570.0688941172907,3.3291014000133146
birb,32,4096,0,2391.30927560996,5.4966318999941
birb,32,4096,1,2383.616121747056,5.479452800005674
birb,32,4096,2,2443.553161813204,5.410322999989148
birb,32,4096,3,2474.2345992318283,5.375873599987244
birb,32,4096,4,2444.1969983034246,5.5176508000004105
birb,64,64,0,3223.58216070742,5.27567679999629
birb,64,64,1,2862.740346020761,5.123258300009184
birb,64,64,2,3240.1052979623223,5.269079299992882
birb,64,64,3,2834.1440676662824,5.047645999991801
birb,64,64,4,3001.2290965013453,5.051625899999635
birb,64,128,0,2035.3451543369115,5.153550199989695
birb,64,128,1,2190.9073351668967,5.071590100007597
birb,64,128,2,2184.443737851412,5.282749200006947
birb,64,128,3,2354.244527258739,5.210654800001066
birb,64,128,4,2134.6208157308115,5.125252099998761
birb,64,256,0,1710.9534860470058,5.183027399994899
birb,64,256,1,1751.0140080749309,5.169550999999046
birb,64,256,2,1828.0309195925013,5.31762349998462
birb,64,256,3,1836.597142440257,5.701299600012135
birb,64,256,4,1697.2912531877428,5.338826499995776
birb,64,512,0,1527.2321845958636,5.309828900004504
birb,64,512,1,1578.542167906692,5.202989899989916
birb,64,512,2,1525.6095655520871,5.338201599981403
birb,64,512,3,1593.9430116249964,5.263062299985904
birb,64,512,4,1562.7091649503195,5.227918599994155
birb,64,1024,0,1461.2242790106616,5.382269499998074
birb,64,1024,1,1441.795469835571,5.403389200015226
birb,64,1024,2,1459.9207667995836,5.568478200002573
birb,64,1024,3,1497.3747496498631,5.340804800012847
birb,64,1024,4,1503.1376178948176,5.510666499991203
birb,64,4096,0,1339.221556964582,7.764252199995099
birb,64,4096,1,1305.479756960705,7.62603830001899
birb,64,4096,2,1342.0211472884753,7.749444499990204
birb,64,4096,3,1335.327651879334,7.562413599982392
birb,64,4096,4,1343.7798924844917,7.582037500018487
donuts,2,64,0,101742206.23286933,0.5469630999723449
donuts,2,64,1,99745001.1542523,0.5183895000081975
donuts,2,64,2,100269288.20012048,0.495166100008646
donuts,2,64,3,99554820.86032256,0.4761927999788895
donuts,2,64,4,99703405.54622604,0.5036525999894366
donuts,2,128,0,99349745.00368564,0.5802248999825679
donuts,2,128,1,99293460.38796584,0.6020662000228185
donuts,2,128,2,99353415.2238306,0.6522685999807436
donuts,2,128,3,99328279.0472901,0.6605394000071101
donuts,2,128,4,99535527.64292829,0.6006695999822114
donuts,2,256,0,99437429.43705478,0.6898997999960557
donuts,2,256,1,99313690.16441847,0.6810724000097252
donuts,2,256,2,99290845.30916694,0.6974384000059217
donuts,2,256,3,99326399.34168015,0.6856414999929257
donuts,2,256,4,99382769.02976532,0.7313889999932144
donuts,2,512,0,99286654.36743264,0.9380399999790824
donuts,2,512,1,99288185.27366371,0.8671201000106521
donuts,2,512,2,99278007.19477536,0.8134457000123803
donuts,2,512,3,99287288.49471848,0.8217817999830004
donuts,2,512,4,99434201.47844456,0.813989100017352
donuts,2,1024,0,99273768.84185097,1.1033625999989454
donuts,2,1024,1,99270023.81868891,1.0725823999964632
donuts,2,1024,2,99271974.06160548,1.08146499999566
donuts,2,1024,3,99276293.28559352,1.1138286000059452
donuts,2,1024,4,99275642.0726853,1.1345316999941133
donuts,2,4096,0,99270926.48383732,5.19853319998947
donuts,2,4096,1,99270262.8820424,5.289710700017167
donuts,2,4096,2,99269761.47519416,5.235051399999065
donuts,2,4096,3,99269746.21710569,5.106710700027179
donuts,2,4096,4,99271623.05955651,5.448480999999447
donuts,4,64,0,44842307.9536168,0.6191369000007398
donuts,4,64,1,49194676.66812199,0.6208027999964543
donuts,4,64,2,58351834.81197499,0.6047981999872718
donuts,4,64,3,48521605.49694651,0.6299106999940705
donuts,4,64,4,46318606.31622976,0.6307735000154935
donuts,4,128,0,44341946.25726561,0.7009222000197042
donuts,4,128,1,49030221.02480763,0.7179922000213992
donuts,4,128,2,44207718.34682902,0.811124200001359
donuts,4,128,3,47970251.31901569,0.7201414999726694
donuts,4,128,4,48589533.53434761,0.697496200009482
donuts,4,256,0,48956706.86455067,0.8187334000249393
donuts,4,256,1,43999037.37199581,0.9310605000064244
donuts,4,256,2,44324403.486136,0.8402141999977175
donuts,4,256,3,48599938.01933119,0.8453060000028927
donuts,4,256,4,44142270.19034221,0.7996821999840904
donuts,4,512,0,48972037.80712049,0.9080690999981016
donuts,4,512,1,43975059.05239095,0.9151407000026666
donuts,4,512,2,48494915.746654674,0.9198737999831792
donuts,4,512,3,44023723.81804067,0.978767099994002
donuts,4,512,4,48928026.81055267,1.004512000014074
donuts,4,1024,0,55812533.86676776,1.2096466000075452
donuts,4,1024,1,48435107.57451052,1.2040132000111043
donuts,4,1024,2,43948024.59099744,1.1869690000021365
donuts,4,1024,3,48958573.19782626,1.231500499998219
donuts,4,1024,4,43953750.40159795,1.199447399994824
donuts,4,4096,0,43944910.36896573,5.359282599994913
donuts,4,4096,1,43944606.07765091,5.319877100002486
donuts,4,4096,2,55756978.217260376,5.484202099993127
donuts,4,4096,3,48466371.28104006,5.416143099981127
donuts,4,4096,4,48942968.12285218,5.477312800008804
donuts,8,64,0,18446580.961441755,0.8860204000084195
donuts,8,64,1,21778383.942626644,0.9568450000078884
donuts,8,64,2,16838428.510137692,0.8447600000072271
donuts,8,64,3,19363107.656653013,0.7541272999951616
donuts,8,64,4,20077714.657875624,0.8976665000081994
donuts,8,128,0,18670313.09372496,0.9982560999924316
donuts,8,128,1,18873208.8528878,0.9357828000211156
donuts,8,128,2,16469786.160383953,0.9280698999937158
donuts,8,128,3,16068718.602945749,0.9467214999895076
donuts,8,128,4,16847722.145475876,0.916717600019183
donuts,8,256,0,18240674.2204004,0.92778240001644
donuts,8,256,1,18437542.974873133,0.9582669000083116
donuts,8,256,2,18746512.63148893,0.9859449999930804
donuts,8,256,3,16220336.88441406,1.03907200001413
donuts,8,256,4,16111636.709349325,0.99940869997954
donuts,8,512,0,18132238.950714216,1.1235956999880727
donuts,8,512,1,18280622.3568184,1.051143899996532
donuts,8,512,2,15938174.57230607,1.0654406000103336
donuts,8,512,3,15941419.760084769,1.1516247000254225
donuts,8,512,4,18111350.58190455,1.0970654000120703
donuts,8,1024,0,15928851.15813492,1.4710849999974016
donuts,8,1024,1,18327254.151138965,1.3865951000188943
donuts,8,1024,2,15915832.116231224,1.3820085000188556
donuts,8,1024,3,15933648.54066232,1.3800333999970462
donuts,8,1024,4,15897480.772956615,1.4477632000052836
donuts,8,4096,0,15906939.181008125,5.656749799993122
donuts,8,4096,1,18317167.449970275,5.556448799994541
donuts,8,4096,2,16043543.987132795,5.7047106999962125
donuts,8,4096,3,15896967.9606843,6.5649150000244845
donuts,8,4096,4,15919098.863137249,6.779356099985307
donuts,16,64,0,10108794.06376122,2.47060469997814
donuts,16,64,1,8832995.670043034,2.715558500000043
donuts,16,64,2,9235206.952791728,2.7138519999862183
donuts,16,64,3,9798726.373097498,2.765790700010257
donuts,16,64,4,9724880.009282352,2.814919299999019
donuts,16,128,0,8023052.008386014,2.815877400018508
donuts,16,128,1,8227601.309698053,2.906546600017464
donuts,16,128,2,8159592.3645375315,3.003074199979892
donuts,16,128,3,8113652.564450275,2.7801437999878544
donuts,16,128,4,7944832.937907621,2.8062569000176154
donuts,16,256,0,7804634.941940403,3.2296470000001136
donuts,16,256,1,7585177.697089366,3.185196399979759
donuts,16,256,2,7832179.208289933,3.298048699973151
donuts,16,256,3,7640471.046315909,3.261300199985272
donuts,16,256,4,8167738.066688416,3.161645000014687
donuts,16,512,0,7207066.8951289235,3.440010100021027
donuts,16,512,1,7378791.579499865,3.483812299993588
donuts,16,512,2,7645053.447620448,3.447335300006671
donuts,16,512,3,7245555.465526007,3.647797299985541
donuts,16,512,4,7267557.764008461,3.4594898000068497
donuts,16,1024,0,7271028.685544861,4.222554200008744
donuts,16,1024,1,7104939.499633898,4.326179399999091
donuts,16,1024,2,7326090.10406768,4.543034300004365
donuts,16,1024,3,7105410.492553731,4.317430000024615
donuts,16,1024,4,7700588.754541602,4.391461099992739
donuts,16,4096,0,7030992.283282632,21.13149260001956
donuts,16,4096,1,7014832.023310373,21.341893699980574
donuts,16,4096,2,7020051.226607221,21.707344399997965
donuts,16,4096,3,7465991.089793377,21.747081800014712
donuts,16,4096,4,7513046.485686317,21.271498799993424
donuts,32,64,0,6283350.943188139,4.682876600010786
donuts,32,64,1,5315192.820894177,4.565962900000159
donuts,32,64,2,5175877.697054959,4.610028900002362
donuts,32,64,3,6092016.795030967,4.236540299985791
donuts,32,64,4,5408175.478552987,4.7491575999883935
donuts,32,128,0,4940766.166199406,4.932733099994948
donuts,32,128,1,4596363.929132739,4.784978300012881
donuts,32,128,2,4758048.025468697,4.09138540001004
donuts,32,128,3,4495228.546629712,2.0840828999935184
donuts,32,128,4,4537819.613610168,2.1340791000111494
donuts,32,256,0,4330460.717975278,2.2262540999799967
donuts,32,256,1,4560419.608838623,2.228164100000868
donuts,32,256,2,4566491.415310947,2.185942100011744
donuts,32,256,3,4410781.5417768,2.223758000007365
donuts,32,256,4,4172628.5554023352,2.2163444999896456
donuts,32,512,0,4052508.512480498,2.325948700017761
donuts,32,512,1,4230588.010149425,2.3262940000277013
donuts,32,512,2,4270719.803694495,2.309224800002994
donuts,32,512,3,3968072.673378085,2.3308287000108976
donuts,32,512,4,4166135.659653861,2.30620039999485
donuts,32,1024,0,3990873.8036712776,2.579018799995538
donuts,32,1024,1,3877210.9140198887,2.588886100013042
donuts,32,1024,2,3817713.725780721,2.591076200013049
donuts,32,1024,3,4027457.357152423,2.6030761000001803
donuts,32,1024,4,4074255.044305205,2.75041009997949
donuts,32,4096,0,4007777.993508484,6.811853899998823
donuts,32,4096,1,3807973.0337162,22.86699989999761
donuts,32,4096,2,3965161.098907039,22.994254399993224
donuts,32,4096,3,3972285.494027952,21.95117919999757
donuts,32,4096,4,3985432.847443624,22.948618000024
donuts,64,64,0,3971493.932304623,8.61639519999153
donuts,64,64,1,4214753.098954028,8.337616200005868
donuts,64,64,2,4358411.511196513,7.985348899994278
donuts,64,64,3,4321890.257883204,8.0284718000039
donuts,64,64,4,4881603.427859962,3.908600499999011
donuts,64,128,0,2556780.039629206,3.8766675999795552
donuts,64,128,1,2846431.3871617685,3.7387496999872383
donuts,64,128,2,2717850.936251452,4.4896643999964
donuts,64,128,3,2877760.2531836843,3.9018009999999776
donuts,64,128,4,2595301.409872627,3.912823599996045
donuts,64,256,0,2415612.134767367,4.380642200005241
donuts,64,256,1,2552417.7635361413,4.314500300009968
donuts,64,256,2,2427604.82546019,4.041141900001094
donuts,64,256,3,2436057.9252760774,4.098251999996137
donuts,64,256,4,2376810.4069462214,4.261182399990503
donuts,64,512,0,2365627.4470258127,4.320152300002519
donuts,64,512,1,2254684.907220292,4.093823700008215
donuts,64,512,2,2316630.426528632,4.274165000009816
donuts,64,512,3,2322980.085812247,4.077548500004923
donuts,64,512,4,2320248.689103373,4.163392700022087
donuts,64,1024,0,2144380.739736342,4.271632799995132
donuts,64,1024,1,2170805.368330927,4.397921399999177
donuts,64,1024,2,2103340.2354038814,4.355221000005258
donuts,64,1024,3,2171642.150917853,4.359091599995736
donuts,64,1024,4,2137253.870512425,4.354357800009893
donuts,64,4096,0,2068756.037874356,8.480888499994762
donuts,64,4096,1,2074877.0031149324,8.392235300008906
donuts,64,4096,2,2143171.9511349835,8.610158099996625
donuts,64,4096,3,2108047.594853211,8.651242799998727
donuts,64,4096,4,2063274.4281288409,8.554471499985084
uber,2,64,0,855.266524613847,0.4454814000055194
uber,2,64,1,734.443804017811,0.4149127000127919
uber,2,64,2,757.8535188919353,0.4759161999973003
uber,2,64,3,736.9529448017256,0.4678465999895707
uber,2,64,4,794.6631799865569,0.470846000011079
uber,2,128,0,880.9645220845514,0.5512003999901935
uber,2,128,1,732.8766134473813,0.5401264000101946
uber,2,128,2,881.3428997262358,0.4945193999737967
uber,2,128,3,733.0988214097229,0.4860461000062059
uber,2,128,4,734.8816779953713,0.4942778999975417
uber,2,256,0,732.9131410052639,0.5728970999771263
uber,2,256,1,733.3224623023286,0.5245446000189986
uber,2,256,2,733.4656708929899,0.5065448000095785
uber,2,256,3,733.0797094851046,0.5068524999951478
uber,2,256,4,735.0037695147129,0.5686188999970909
uber,2,512,0,881.2235277945833,0.7323885000078008
uber,2,512,1,732.8971571574123,0.7753758000035305
uber,2,512,2,732.9050223249272,0.690359999978682
uber,2,512,3,733.5651488264601,0.8193554000172298
uber,2,512,4,880.795124400584,0.7261992999992799
uber,2,1024,0,732.8457526364921,0.9848975999921096
uber,2,1024,1,733.0353213370773,0.9732508999877608
uber,2,1024,2,732.7573828580421,1.0009110000100918
uber,2,1024,3,732.9569237068805,1.012225100013893
uber,2,1024,4,732.8819390561938,1.1113218999817036
uber,2,4096,0,732.9021091767784,5.212479400011944
uber,2,4096,1,732.9839652760495,5.046164200000931
uber,2,4096,2,733.3097091742309,5.275362299988046
uber,2,4096,3,732.8179394977301,5.11204199999338
uber,2,4096,4,732.932768964047,5.315696499979822
uber,4,64,0,352.8771679271304,0.5252337999991141
uber,4,64,1,447.4064740141106,0.4759019000048283
uber,4,64,2,348.43512917607507,0.5182974000053946
uber,4,64,3,502.5299865787492,0.5448726000031456
uber,4,64,4,336.68256030161945,0.5420101000054274
uber,4,128,0,336.9918936682796,0.5724705999891739
uber,4,128,1,394.73163603482953,0.5836425999877974
uber,4,128,2,417.643310960135,0.5785748999915086
uber,4,128,3,385.8435850235135,0.5870395000092685
uber,4,128,4,370.85241711786097,0.5375820999906864
uber,4,256,0,335.39321446641804,0.6443359999975655
uber,4,256,1,335.47077966278846,0.7479815999977291
uber,4,256,2,337.9893922991808,0.621539700019639
uber,4,256,3,335.334655054341,0.5772138000174891
uber,4,256,4,361.4998704666104,0.6123578000115231
uber,4,512,0,334.7203900521865,0.7671323000104167
uber,4,512,1,395.5954855112204,0.779906799987657
uber,4,512,2,334.6666046310953,0.7342747999937274
uber,4,512,3,334.6852288275376,0.6845641999971122
uber,4,512,4,334.66643340967045,0.6809159000113141
uber,4,1024,0,334.7024649349918,0.9157293000025676
uber,4,1024,1,334.8224902267036,1.005028499988839
uber,4,1024,2,334.6553641964797,0.9286496999848168
uber,4,1024,3,334.6498086355615,0.9213748000038322
uber,4,1024,4,334.63652157723845,0.9188612999860196
uber,4,4096,0,334.72506605041184,4.9132836000062525
uber,4,4096,1,334.79124929358653,4.8747868000064045
uber,4,4096,2,334.7182576719265,4.8774897000112105
uber,4,4096,3,393.52905198613735,4.843720200005919
uber,4,4096,4,386.97576248467766,4.960264199995436
uber,8,64,0,198.9392977028055,0.6343610000039916
uber,8,64,1,183.71335387576764,0.617780100001255
uber,8,64,2,211.7245401897514,0.6225616000010632
uber,8,64,3,202.5923084922244,0.6028201000008266
uber,8,64,4,199.91539951908143,0.650913399993442
uber,8,128,0,172.05054480779313,0.7240918999887072
uber,8,128,1,200.3598367962727,0.7137174000090454
uber,8,128,2,180.46129515044004,0.6706241999927443
uber,8,128,3,192.2830896942247,0.6885423000203446
uber,8,128,4,198.64509998189985,0.7068644999817479
uber,8,256,0,169.47215634399709,0.7470590999873821
uber,8,256,1,161.63684450305664,0.7369433999992907
uber,8,256,2,170.7426582177347,0.7148434999980964
uber,8,256,3,167.63048999469711,0.7622772000031546
uber,8,256,4,188.45464654499747,0.7476143999956548
uber,8,512,0,165.90449078984025,0.8654177999997046
uber,8,512,1,161.46805555369036,0.9468587999872398
uber,8,512,2,190.83411467203905,0.9076328999944964
uber,8,512,3,168.41582110850044,0.8274696000153199
uber,8,512,4,161.51548069992725,0.8406123999739066
uber,8,1024,0,186.15776752079927,1.1011160000052769
uber,8,1024,1,167.8177819866607,1.119979999988573
uber,8,1024,2,167.82567963700046,1.0882647999969777
uber,8,1024,3,167.67062281106968,1.0983990000095218
uber,8,1024,4,160.9084883930892,1.1189586000109557
uber,8,4096,0,165.10151370032935,5.062802600004943
uber,8,4096,1,187.70791131787712,5.14882899998338
uber,8,4096,2,160.98482834471497,5.04426070000045
uber,8,4096,3,175.821756055741,5.049163799994858
uber,8,4096,4,165.9062205838279,5.291691399994306
uber,16,64,0,102.2116250093312,0.956957100017462
uber,16,64,1,103.78500990709,0.9355320000031496
uber,16,64,2,110.8660094779921,0.9319087000039872
uber,16,64,3,100.67411389682536,0.9484106000163592
uber,16,64,4,96.95870453981244,0.926947999978438
uber,16,128,0,95.97969391782874,0.9609070000005886
uber,16,128,1,95.00479177192112,0.9928912000032142
uber,16,128,2,89.59935979657746,1.0294843000010587
uber,16,128,3,99.25860617159408,0.9807825000025332
uber,16,128,4,89.04796810762167,0.9801524999784306
uber,16,256,0,102.26200478436982,1.0408640000096057
uber,16,256,1,88.55009657212675,1.0439494000165723
uber,16,256,2,84.75660526965875,1.0467933000181802
uber,16,256,3,97.7102670869378,1.0480621999886353
uber,16,256,4,88.35827011651277,1.0339563000015914
uber,16,512,0,88.69800388142528,1.1911805999989156
uber,16,512,1,83.61093653842573,1.1616901000088546
uber,16,512,2,97.47443304103048,1.1590993000136225
uber,16,512,3,78.34212254859854,1.1644428999861702
uber,16,512,4,89.29555612838223,1.2185372000094503
uber,16,1024,0,81.02321789163288,1.5161419000069143
uber,16,1024,1,79.14521897132349,1.454849200003082
uber,16,1024,2,81.62698878275575,1.4120835999783594
uber,16,1024,3,82.38240069941816,1.6022800999926403
uber,16,1024,4,77.19712892364882,1.4200102999748196
uber,16,4096,0,85.83664244951525,5.36062680001487
uber,16,4096,1,78.21525147567272,5.424757700006012
uber,16,4096,2,77.1734982491937,5.39195269998163
uber,16,4096,3,77.95661366687835,5.334352200006833
uber,16,4096,4,79.71191282799417,5.505030000000261
uber,32,64,0,56.63190708038633,1.5468972999951802
uber,32,64,1,50.39429344421086,1.518423300003633
uber,32,64,2,52.990648720342094,1.5604735000233632
uber,32,64,3,56.203507296827,1.5339816999912728
uber,32,64,4,61.81557693928787,1.53306319998228
uber,32,128,0,51.38567974725996,1.5981325000175275
uber,32,128,1,52.3598116756029,1.6126602999866009
uber,32,128,2,53.39372542251908,1.5620252000226174
uber,32,128,3,50.84767241373358,1.6136319999932311
uber,32,128,4,54.36873757790313,1.562994699983392
uber,32,256,0,49.75993763957752,1.627489699982107
uber,32,256,1,46.28840798747796,1.6267206000047736
uber,32,256,2,47.3471570641004,1.6597726000181865
uber,32,256,3,46.360084908847625,1.7060763000044972
uber,32,256,4,46.35829997157098,1.6185198000166563
uber,32,512,0,41.9191335315395,1.7924443999945652
uber,32,512,1,41.017295137985705,1.7152904999966267
uber,32,512,2,44.64766494134414,1.756253200001083
uber,32,512,3,44.8415447589668,1.7710466000135057
uber,32,512,4,43.869272750951794,1.7442458999867083
uber,32,1024,0,42.07062152126085,1.9777910999837327
uber,32,1024,1,46.32328854725402,1.9652530000021216
uber,32,1024,2,39.57109474269883,2.0139977000071667
uber,32,1024,3,43.860863029228,2.019971199973952
uber,32,1024,4,43.033708667025024,2.019779099995503
uber,32,4096,0,39.33214397736565,5.898735800001305
uber,32,4096,1,38.87441362170518,5.879082700004801
uber,32,4096,2,39.95337454674639,5.908090399985667
uber,32,4096,3,41.61535422771712,5.913654900010442
uber,32,4096,4,42.32189471122456,6.0857039999973495
uber,64,64,0,36.54707081000289,2.7124310999934096
uber,64,64,1,32.72495936000017,2.815394000004744
uber,64,64,2,36.66658904999646,2.665549600002123
uber,64,64,3,36.177704300001736,2.713355199986836
uber,64,64,4,33.181951619995914,2.633032099984121
uber,64,128,0,25.110047282523933,2.7154652000172064
uber,64,128,1,29.20795014236925,2.701375599979656
uber,64,128,2,25.408894688096872,2.858993100002408
uber,64,128,3,28.018252099082037,2.7579058000119403
uber,64,128,4,27.24075186079612,2.7647765000001527
uber,64,256,0,25.10206131592919,2.793273899995256
uber,64,256,1,23.930831127285224,2.8450858000142034
uber,64,256,2,23.32811121688189,2.857068799989065
uber,64,256,3,22.71108444775245,2.8384726000076625
uber,64,256,4,24.06114387711636,2.9037845999991987
uber,64,512,0,23.58818602420883,3.07569960001274
uber,64,512,1,21.1913110349006,3.001864099991508
uber,64,512,2,22.04708567412032,3.018997600011062
uber,64,512,3,22.26260264416881,2.900597200001357
uber,64,512,4,21.479465460523,3.132352099986747
uber,64,1024,0,21.233120881238264,3.2215247999993157
uber,64,1024,1,22.64825960869904,3.146350800001528
uber,64,1024,2,20.066334471097857,3.11442420000094
uber,64,1024,3,19.950118934088195,3.1002809000201523
uber,64,1024,4,20.43368030959274,3.10032970001339
uber,64,4096,0,19.71173364923642,6.897916999994777
uber,64,4096,1,19.49997468107552,6.9861272999842186
uber,64,4096,2,20.421245284344195,7.284657500014873
uber,64,4096,3,19.498505290365387,7.237451900000451
uber,64,4096,4,18.91778344908576,7.171966099995188
spotify,2,64,0,29420.39707876765,0.2325422000139951
spotify,2,64,1,29985.5727234666,0.2405052999965846
spotify,2,64,2,32265.12974507605,0.2336020999937318
spotify,2,64,3,29619.11350877784,0.2310492999968119
spotify,2,64,4,32521.252730706092,0.2218561000190675
spotify,2,128,0,29353.123232493494,0.2488346000027377
spotify,2,128,1,30515.938715902324,0.2400787999795284
spotify,2,128,2,29317.20763959821,0.2525486999948043
spotify,2,128,3,32341.44410440634,0.2695019000093452
spotify,2,128,4,29280.89801649968,0.2828490000101737
spotify,2,256,0,32338.194161320807,0.2937550999922678
spotify,2,256,1,29784.85648299323,0.3098973000014666
spotify,2,256,2,31890.674816426348,0.302083999995375
spotify,2,256,3,30440.57162735413,0.2866931000025943
spotify,2,256,4,29736.1049708272,0.277663200016832
spotify,2,512,0,29183.096923552985,0.3192420999985188
spotify,2,512,1,29150.00578398171,0.3361382999864872
spotify,2,512,2,29095.147986946256,0.3191513000056147
spotify,2,512,3,29465.18093611227,0.3212844000081531
spotify,2,512,4,29205.652497750387,0.3529447999899275
spotify,2,1024,0,31808.93394979052,0.4054384999908507
spotify,2,1024,1,29035.34748277899,0.4096965999924578
spotify,2,1024,2,29063.911918550817,0.3980703000270296
spotify,2,1024,3,29050.785845173505,0.3975206999748479
spotify,2,1024,4,29076.123416296832,0.3922516999882646
spotify,2,4096,0,29021.925863392426,0.9739367000001948
spotify,2,4096,1,29028.240742920123,0.977639899996575
spotify,2,4096,2,29022.397751501743,1.0512396999984048
spotify,2,4096,3,31712.92711409122,1.0015302000101656
spotify,2,4096,4,31718.20778041713,0.9834449000190943
spotify,4,64,0,21459.377602848737,0.2528535000164993
spotify,4,64,1,20870.670712553343,0.2409690000058617
spotify,4,64,2,22815.717551214984,0.2621008999994956
spotify,4,64,3,20669.895551844595,0.2743245000019669
spotify,4,64,4,20663.75948624841,0.2607530000095721
spotify,4,128,0,20759.3875486255,0.2961127000162378
spotify,4,128,1,21782.701667225097,0.3095486999955028
spotify,4,128,2,19730.28134059141,0.2905630000168457
spotify,4,128,3,19748.659881699536,0.2661065000283997
spotify,4,128,4,19922.25361482186,0.2676273999968543
spotify,4,256,0,22403.6199766338,0.2942468000110239
spotify,4,256,1,21394.3300094534,0.3018024000048172
spotify,4,256,2,19814.95568270186,0.2979613999777939
spotify,4,256,3,19844.448632463373,0.2971333999885246
spotify,4,256,4,21138.050326398992,0.300448599999072
spotify,4,512,0,18095.04463597651,0.3510699000034947
spotify,4,512,1,18102.67308687944,0.3352483999915421
spotify,4,512,2,18090.42835298001,0.3482850000145845
spotify,4,512,3,18051.99303262848,0.369871000002604
spotify,4,512,4,17908.430205610766,0.3959196000068914
spotify,4,1024,0,21873.48690788242,0.457544400007464
spotify,4,1024,1,19134.91069728576,0.4648726000159513
spotify,4,1024,2,17826.247729332532,0.4635621999914292
spotify,4,1024,3,19272.28354351012,0.4277449000219349
spotify,4,1024,4,17880.239081908694,0.421922799985623
spotify,4,4096,0,18924.705301093512,1.0375260000000708
spotify,4,4096,1,17738.328027436623,1.0982373000006191
spotify,4,4096,2,17747.706644858008,1.0322416000126395
spotify,4,4096,3,18921.590506634784,1.0521194000029936
spotify,4,4096,4,17737.71576746011,1.1336889000085648
spotify,8,64,0,20390.62129459594,0.4742133000108879
spotify,8,64,1,15984.701853913286,0.3915581000037491
spotify,8,64,2,14421.70999865264,0.371018500009086
spotify,8,64,3,14977.152465987132,0.3071704000176396
spotify,8,64,4,14626.24489829406,0.319984600006137
spotify,8,128,0,12834.070576964308,0.3585179999936372
spotify,8,128,1,15239.241059592006,0.3549390999833122
spotify,8,128,2,14193.2780139368,0.3440512999950442
spotify,8,128,3,12833.639403906767,0.3349037999869324
spotify,8,128,4,13464.013277203803,0.352297199977329
spotify,8,256,0,15120.292820274208,0.3714029999973718
spotify,8,256,1,14356.745345540368,0.4618749000073876
spotify,8,256,2,12932.490868594266,0.3910904999938793
spotify,8,256,3,13892.3721675133,0.4145797999808565
spotify,8,256,4,13091.17281540876,0.4026518999889958
spotify,8,512,0,12066.968084536826,0.451870399992913
spotify,8,512,1,12231.489164595929,0.5017755000153556
spotify,8,512,2,12440.032866306385,0.5500578000210226
spotify,8,512,3,11557.957678084947,0.4845205000019632
spotify,8,512,4,12297.521844124103,0.4834469000052195
spotify,8,1024,0,13036.657484865162,0.565042700007325
spotify,8,1024,1,11639.26315521282,0.5904581000213511
spotify,8,1024,2,12440.153599296164,0.6093732000153977
spotify,8,1024,3,11732.815288833011,0.5821333000203595
spotify,8,1024,4,12697.50074336006,0.5419012000202201
spotify,8,4096,0,11412.62988654176,1.2842617999995127
spotify,8,4096,1,11303.048554252236,1.2030368999985512
spotify,8,4096,2,11192.792827553578,1.3059577999811154
spotify,8,4096,3,11362.32317141163,1.2557881000102498
spotify,8,4096,4,11412.839007188031,1.247266300022602
spotify,16,64,0,11367.933792856138,0.4026878000004217
spotify,16,64,1,10640.768823107745,0.438179399992805
spotify,16,64,2,10932.272438324972,0.465781800012337
spotify,16,64,3,12301.350211159624,0.449637600017013
spotify,16,64,4,11239.815808926898,0.4051599999947939
spotify,16,128,0,10818.366781682342,0.4313680000195745
spotify,16,128,1,10952.776839643228,0.4212813999911304
spotify,16,128,2,10913.74792092871,0.5239334999932908
spotify,16,128,3,11215.495002857588,0.4473479999869596
spotify,16,128,4,10493.11215492328,0.4841633000178262
spotify,16,256,0,9827.813582344588,0.4842649000056553
spotify,16,256,1,10035.527429410797,0.4994539000035729
spotify,16,256,2,10031.971096199846,0.4805138999945484
spotify,16,256,3,10294.999560972892,0.4952379000023938
spotify,16,256,4,9548.466081624672,0.5115108000172768
spotify,16,512,0,9706.313822814947,0.5574076999910176
spotify,16,512,1,9362.730212918314,0.5370774999901187
spotify,16,512,2,9189.111993682096,0.5689389000181109
spotify,16,512,3,9418.154624938228,0.5842365999997128
spotify,16,512,4,8964.983339708524,0.5304475000011735
spotify,16,1024,0,8608.16536425276,0.6135907999996562
spotify,16,1024,1,8780.354462214647,0.6534089999913704
spotify,16,1024,2,8857.30194748763,0.6270566000021063
spotify,16,1024,3,8487.541290788042,0.6365872000169475
spotify,16,1024,4,8927.980784708669,0.6867153999919537
spotify,16,4096,0,8250.679362430517,1.487465499987593
spotify,16,4096,1,8213.62697631628,1.3289586000028066
spotify,16,4096,2,8038.278325719181,1.3197257000138052
spotify,16,4096,3,7888.479678536981,1.479733899992425
spotify,16,4096,4,8012.109255276973,1.3858027000096629
spotify,32,64,0,8186.333274482341,0.619882900005905
spotify,32,64,1,8756.566865371125,0.5762014999927487
spotify,32,64,2,8802.669134127278,0.6105361000227276
spotify,32,64,3,9298.519748548028,0.6285797000164166
spotify,32,64,4,8600.930989790408,0.634685900004115
spotify,32,128,0,8016.196474739846,0.6256041000015102
spotify,32,128,1,8170.955225565873,0.6346625000005588
spotify,32,128,2,8475.630075634117,0.6419513000000734
spotify,32,128,3,8458.00259947254,0.6514986999973189
spotify,32,128,4,8099.938544034831,0.615884200000437
spotify,32,256,0,7715.894168988469,0.7509245999972336
spotify,32,256,1,7602.688388158459,0.6784676000243053
spotify,32,256,2,7972.531662432897,0.6814526000234764
spotify,32,256,3,7410.343343529195,0.7010938999883365
spotify,32,256,4,8310.97578610877,0.6477967000100762
spotify,32,512,0,6990.52862018785,0.7881616000086069
spotify,32,512,1,7068.305142808576,0.7134103999997023
spotify,32,512,2,6774.701719422449,0.7242294000170659
spotify,32,512,3,7038.1702650274,0.7179201999970246
spotify,32,512,4,6972.224187325155,0.6901039000076707
spotify,32,1024,0,6782.751002527889,0.8119545000081416
spotify,32,1024,1,6590.7580080842135,0.8840009999985341
spotify,32,1024,2,6615.925953156956,0.8542118000041228
spotify,32,1024,3,6436.444596324775,0.8306216000055429
spotify,32,1024,4,6562.155994689567,0.8381767999962904
spotify,32,4096,0,6011.499992015609,1.530059499986237
spotify,32,4096,1,5997.45072535224,1.5079404000134673
spotify,32,4096,2,6007.350336028382,1.9326326999871528
spotify,32,4096,3,6053.614377289605,1.521465600002557
spotify,32,4096,4,5972.661782334949,1.5555544999951962
spotify,64,64,0,7335.732502571085,0.9763542000146116
spotify,64,64,1,7023.662970854543,0.9640767999808304
spotify,64,64,2,8595.033272822819,0.9849004999850876
spotify,64,64,3,7957.426949562849,0.9650726999971084
spotify,64,64,4,8863.274451692843,0.9612320000014734
spotify,64,128,0,6618.632984118518,0.9838618000212592
spotify,64,128,1,7046.124076003524,0.9992121999966912
spotify,64,128,2,7225.111458542593,1.032521399989491
spotify,64,128,3,7553.464224454017,1.1204662000236567
spotify,64,128,4,7323.465023211396,1.037684899987653
spotify,64,256,0,5811.2873263064175,1.0232364000112284
spotify,64,256,1,6077.230984008,1.1056151999800932
spotify,64,256,2,6526.564681908041,1.034872699994594
spotify,64,256,3,6121.504687939989,1.064224000001559
spotify,64,256,4,6417.07882262781,0.9836541000113356
spotify,64,512,0,5517.237041864191,1.0180621999897994
spotify,64,512,1,5630.04896071638,1.0160780000151135
spotify,64,512,2,5311.566985202708,1.206098499998916
spotify,64,512,3,5426.138487206539,1.2762903999828268
spotify,64,512,4,5587.764062462583,1.181745800015051
spotify,64,1024,0,5123.919769133001,1.3374461000203155
spotify,64,1024,1,5125.293955298117,1.2634266999957615
spotify,64,1024,2,5082.554188268531,1.2395044000004418
spotify,64,1024,3,4950.030497962279,1.1028948000166563
spotify,64,1024,4,5096.576100570158,1.0882863999868275
spotify,64,4096,0,4475.55187821249,1.679624500015052
spotify,64,4096,1,4503.334191572008,1.8159152999869548
spotify,64,4096,2,4493.519878664942,1.7892101999896113
spotify,64,4096,3,4475.948763426482,1.6903271999908611
spotify,64,4096,4,4506.528787506535,1.5741240000061223
balloons,2,64,0,39206.06275225356,0.3959386000060476
balloons,2,64,1,39105.06979831682,0.3925658999942243
balloons,2,64,2,38808.369008188914,0.3884798999933991
balloons,2,64,3,38699.038323222194,0.3810536000237334
balloons,2,64,4,39235.60290286383,0.4201679000107106
balloons,2,128,0,38580.91237214625,0.4462380999757442
balloons,2,128,1,38520.93916577846,0.4276179000153206
balloons,2,128,2,38602.88933200478,0.5010235999943689
balloons,2,128,3,38587.05586266053,0.4663633999880403
balloons,2,128,4,38575.5189224086,0.4408851999905891
balloons,2,256,0,38508.2011622044,0.5076838000095449
balloons,2,256,1,38586.98663743732,0.5053436000016518
balloons,2,256,2,38536.207717229336,0.5324146999919321
balloons,2,256,3,38511.129698924015,0.4945215000188909
balloons,2,256,4,38494.427535828414,0.5062078000046313
balloons,2,512,0,38482.43668999032,0.5724733000097331
balloons,2,512,1,38480.301352832576,0.5505006999883335
balloons,2,512,2,38484.01850555702,0.575490000017453
balloons,2,512,3,38501.47891377621,0.5846448999946006
balloons,2,512,4,38485.820317464015,0.5642030999879353
balloons,2,1024,0,38482.2771796754,0.7542065000161529
balloons,2,1024,1,38497.58747112163,0.7325981999747455
balloons,2,1024,2,38477.878335679874,0.7287917000066955
balloons,2,1024,3,38479.36377821394,0.8857653000159189
balloons,2,1024,4,38478.1574707669,0.8504573000245728
balloons,2,4096,0,38477.41249154258,3.134216400008881
balloons,2,4096,1,38476.839906108544,2.821992599987425
balloons,2,4096,2,38477.34309787914,2.925910899997689
balloons,2,4096,3,38478.60722456238,2.746638599986909
balloons,2,4096,4,38477.4971320405,2.796416400000453
balloons,4,64,0,21671.069869175662,0.4289542000042274
balloons,4,64,1,21837.812893050024,0.4115351000218652
balloons,4,64,2,21390.831859314247,0.4298246999969706
balloons,4,64,3,24272.197145923084,0.4384124000207521
balloons,4,64,4,22021.207362934845,0.4561113000090699
balloons,4,128,0,21307.82631156879,0.5231957999931183
balloons,4,128,1,22381.498004047666,0.516512000001967
balloons,4,128,2,23808.220365322617,0.4791067000187468
balloons,4,128,3,19947.484718422435,0.493402199994307
balloons,4,128,4,19611.480511228096,0.4848926000122446
balloons,4,256,0,19558.762730721683,0.5311666000052355
balloons,4,256,1,19340.543827203564,0.5319683999987319
balloons,4,256,2,20909.46596484956,0.565466700005345
balloons,4,256,3,21056.38580903919,0.5907479999877978
balloons,4,256,4,19496.65505283356,0.5939729000092484
balloons,4,512,0,19328.599281252034,0.6155028000066523
balloons,4,512,1,21937.84825427497,0.5885322999965865
balloons,4,512,2,19360.83221607568,0.5971847000182606
balloons,4,512,3,20937.35996202681,0.6403632999863476
balloons,4,512,4,20917.96356695626,0.5869507000024896
balloons,4,1024,0,19293.06440621236,0.739506000012625
balloons,4,1024,1,21926.264840981283,0.8574084999854676
balloons,4,1024,2,19301.19697443311,0.7324155999813229
balloons,4,1024,3,21914.41269348777,0.746041200007312
balloons,4,1024,4,19306.9467158778,0.728056000021752
balloons,4,4096,0,19285.12209140824,2.804361799993785
balloons,4,4096,1,19286.270946509525,2.8018488999805413
balloons,4,4096,2,19285.053627776982,2.8104323000006843
balloons,4,4096,3,19285.28132263152,2.8180415000242647
balloons,4,4096,4,19286.47336024521,2.8103690999851096
balloons,8,64,0,12256.002194387169,0.5773595999926329
balloons,8,64,1,11679.777514626516,0.584750800015172
balloons,8,64,2,13625.114769668851,0.5971191999851726
balloons,8,64,3,11423.820579321698,0.5934009000193328
balloons,8,64,4,12377.03049720563,0.6014298000081908
balloons,8,128,0,10084.424335767344,0.6857239000091795
balloons,8,128,1,11176.465092464898,0.6273569999902975
balloons,8,128,2,10597.111696259572,0.6278970999992453
balloons,8,128,3,9630.94674311629,0.6460664999904111
balloons,8,128,4,9890.24174591017,0.6191124999895692
balloons,8,256,0,9237.25477891805,0.6888513000158127
balloons,8,256,1,9807.660010069234,0.6922455000167247
balloons,8,256,2,9873.848149766767,0.680070300004445
balloons,8,256,3,10326.472116191191,0.7000865000009071
balloons,8,256,4,9960.33665863758,0.6869988999969792
balloons,8,512,0,9291.794772874222,0.7582814999914262
balloons,8,512,1,9174.03155373905,0.7450152999954298
balloons,8,512,2,9551.144516108518,0.7438585000054445
balloons,8,512,3,9374.57253516726,0.7968186000071
balloons,8,512,4,9759.727839030536,0.7684509000100661
balloons,8,1024,0,9139.93814494749,0.945380599994678
balloons,8,1024,1,9383.757046117846,0.9191558999882544
balloons,8,1024,2,9527.9731077607,0.9325517000106628
balloons,8,1024,3,9226.60493307214,0.9047884000174236
balloons,8,1024,4,9489.736279994251,0.902334399987012
balloons,8,4096,0,9218.904347552125,3.023420100013027
balloons,8,4096,1,9373.422451253393,2.966459899995243
balloons,8,4096,2,9063.484135144552,2.9484289000101853
balloons,8,4096,3,9373.991718587004,3.088299299997743
balloons,8,4096,4,9167.417094250814,2.918119799986016
balloons,16,64,0,5841.645103659519,0.9202101000119
balloons,16,64,1,6439.335707430977,0.866376299993135
balloons,16,64,2,6542.228110515269,0.8870262000127696
balloons,16,64,3,6227.2747855032085,0.906768800021382
balloons,16,64,4,6629.448245797794,0.8835055000090506
balloons,16,128,0,5882.449907157114,0.920410799997626
balloons,16,128,1,5300.245601616245,0.931730599986622
balloons,16,128,2,5839.534897577185,0.9603181000275072
balloons,16,128,3,5035.321131049345,0.9410637999826575
balloons,16,128,4,5978.715939830442,0.9494560999737588
balloons,16,256,0,5884.134993940343,1.0014740000187885
balloons,16,256,1,4816.580137074318,0.9999513999791816
balloons,16,256,2,4961.179575015843,0.9873204000177792
balloons,16,256,3,5266.920006645545,1.0692087000061292
balloons,16,256,4,4684.741985626377,1.0407108000072185
balloons,16,512,0,4696.456193107009,1.1074892999895385
balloons,16,512,1,5073.631914652544,1.113766399997985
balloons,16,512,2,5110.674069109743,1.082459800003562
balloons,16,512,3,4607.684017457754,1.1281665000133216
balloons,16,512,4,4776.605205077545,1.1257742999878246
balloons,16,1024,0,4910.337523011948,1.252735499991104
balloons,16,1024,1,4396.676168799882,1.3208960999909325
balloons,16,1024,2,4484.808217817662,1.225400700001046
balloons,16,1024,3,5035.05481634191,1.19296949999989
balloons,16,1024,4,4721.518743984854,1.2324485999997703
balloons,16,4096,0,4280.191526364243,3.2934413000184577
balloons,16,4096,1,4358.52778827801,3.3205827999918256
balloons,16,4096,2,4420.951555872517,3.4139876999834087
balloons,16,4096,3,4332.193591058969,3.3908795999886934
balloons,16,4096,4,4276.457562945976,3.346557100012433
balloons,32,64,0,3882.751741415597,1.63207799999509
balloons,32,64,1,3715.813374834147,1.5570287000155076
balloons,32,64,2,3512.4228973754475,1.5659920999896713
balloons,32,64,3,3798.131963332962,1.5073848000029102
balloons,32,64,4,4112.811217567417,1.5561031000106595
balloons,32,128,0,3008.2879220428968,1.601725099986652
balloons,32,128,1,3026.3065804069456,1.5887846999976318
balloons,32,128,2,3060.20578907428,1.5733242999995127
balloons,32,128,3,3124.0607468702747,1.5463136000034865
balloons,32,128,4,3359.308540424742,1.7198600000119768
balloons,32,256,0,2739.156607623492,1.7047983999946157
balloons,32,256,1,2569.45480345864,1.7457680999941658
balloons,32,256,2,2705.789443436444,1.7018849000160117
balloons,32,256,3,2910.6203452788204,1.662125799979549
balloons,32,256,4,2840.619961687124,1.729160499991849
balloons,32,512,0,2458.727293944953,1.7532032000017352
balloons,32,512,1,2472.2640840767376,1.7284852000011597
balloons,32,512,2,2609.8877024810786,1.692637800006196
balloons,32,512,3,2512.75654323374,1.7043066000042018
balloons,32,512,4,2486.0565752762177,1.6920855999924242
balloons,32,1024,0,2361.7020037072834,1.8718065999855755
balloons,32,1024,1,2258.643754559612,1.9139666999981275
balloons,32,1024,2,2394.599036840024,1.9267270999844184
balloons,32,1024,3,2337.733769841053,1.875494100007927
balloons,32,1024,4,2536.099205591952,1.876148200011812
balloons,32,4096,0,2279.946643224901,4.006060299987439
balloons,32,4096,1,2346.7477050558027,4.069318599998951
balloons,32,4096,2,2500.7139983941147,3.91565169999376
balloons,32,4096,3,2381.938280881216,3.915688900015084
balloons,32,4096,4,2420.2650712946256,4.173443600011524
balloons,64,64,0,2441.7271972318345,2.95665690000169
balloons,64,64,1,3105.975209534793,2.838927300006617
balloons,64,64,2,2879.0835063437144,2.9887730999907944
balloons,64,64,3,2750.086828143021,2.7758858999877702
balloons,64,64,4,2880.7923875432534,3.012684800021816
balloons,64,128,0,2022.434352051553,2.9217879000061657
balloons,64,128,1,1814.8870380913963,2.8580783999932464
balloons,64,128,2,1721.3821743368871,2.718054699973436
balloons,64,128,3,1843.1120633169817,2.7269304000074044
balloons,64,128,4,1812.476251614469,2.913430799992057
balloons,64,256,0,1573.612032785071,2.930571400007466
balloons,64,256,1,1472.680487272022,2.8924218000029214
balloons,64,256,2,1489.1474735777017,2.900489799998468
balloons,64,256,3,1599.9356067929066,3.326243499992416
balloons,64,256,4,1471.080512418887,2.8234982000140008
balloons,64,512,0,1308.1072369270742,2.8852349999942817
balloons,64,512,1,1392.0865595129617,2.830815599998459
balloons,64,512,2,1404.1538231259206,2.7728218999982346
balloons,64,512,3,1390.6935144444838,2.8168149999983143
balloons,64,512,4,1356.28797153907,3.0066546000016388
balloons,64,1024,0,1276.359334294518,2.987142500001937
balloons,64,1024,1,1283.0371952962296,3.019431100023212
balloons,64,1024,2,1318.000542758944,3.1075672000006307
balloons,64,1024,3,1287.972724055359,2.975374100002228
balloons,64,1024,4,1288.6533231537014,3.0596596999967005
balloons,64,4096,0,1199.415972629312,5.031789100001333
balloons,64,4096,1,1126.7117094022817,5.237627199996496
balloons,64,4096,2,1174.833697988361,5.09120230001281
balloons,64,4096,3,1139.0323550108344,5.3266681999957655
balloons,64,4096,4,1172.916872583558,4.9489061999775
